id	name
head527	绒球花
head529	心沙王冠
head530	星路繁华
head533	魔术小鸭
head534	夹竹桃
head536	花信风
head539	月桂流花
head540	蓝莓蝴蝶结
head541	星冰乐
head544	披红戴花
head549	雪顶巫帽
head550	金穗流苏
head552	甜心棒球帽
head555	浮花结穗
head557	粉红护士帽
head560	奥雅之冠·澜
head562	银铃点光
head564	彩虹buling
head565	女仆发带
head567	雪絮
head570	万圣巫帽
head572	雪絮企鹅
head574	印花兔耳
head576	凌冰冠
head578	牝报春
head579	甜甜怪圈
head581	清野守护
head584	泰克PG-6
head586	爱心绵绵
head588	溏心橙帽
head591	栖木头冠
head592	糖果蝴蝶结
head594	辉月凤冠
head595	泔蓝羽结
head596	棕绒贝雷
head597	宝石皇冠
head599	呆萌鸭
head601	原宿粉结
head604	彩花
head606	碧羽
head608	佳人如玉
head610	小荷
head611	梦魇之角
head613	凤玉宝冠
head615	麋鹿小姐
head616	绒花点翠
head620	白虎摇铃
head621	绒球小结
head624	工程师目镜
head626	电光猫耳
	
	
head520	纯白誓约
head515	吉祥舞狮
head506	医疗包
head508	战场通讯员
head504	船长帽（女）
head503	彩花结
head501	佩奇帽
head500	华彩之冠
head496	埃及之冠（女）
head494	纯净之莲
head488	童趣甜甜圈
head486	五彩星
head485	狐面冠
head484	钗头蝶
head481	玫瑰暗冠（女）
head478	碧玉头饰
head474	可爱圣诞帽
head475	绿冠圣诞
head473	圣音祝福
head462	白头之约
head464	萝卜发带